Domain,Name,City,State,Country
benchmarkblinds.com,Benchmark Blinds,Gilbert,Arizona,USA
elcaminomachine.com,"El Camino Machine & Welding, LLC",Salinas,California,USA
cornerstonealliance.org,Cornerstone Alliance Church,Canon City,Colorado,USA
apexmachining.com,"Apex Machining, Inc.",Bauxite,Arkansas,USA
gloriosawatertrucks.com,San Diego Water Trucks,Oceanside,California,USA
longgreencapital.com,"Long Green Capital, LLC",,NULL,USA
cdffirefighters-riverside.org,C Df Firefighters,Moreno Valley,California,USA
inkenterprises.com,Ink Enterprises,Maumelle,Arkansas,USA
milestone-construction.com,Milestone Construction Co Llc,Springdale,Arkansas,USA
cpinc.org,"Center Point, Inc.",San Rafael,California,USA
wholeearth.com,Whole Earth Magazine,San Rafael,California,USA
arborvitaewellness.com,Advanced Chiropractic Center,Santa Monica,California,USA
broadwayvideostore.com,Broadway Video,Skagway,Alaska,USA
warners.com,Warnaco Swimwear,Commerce,California,USA
balanced.com,Balanced Audio Technology,Wilmington,Delaware,USA
ezrentlist.com,"Eclassified Conglomerate, Inc.",Los Angeles,California,USA
scoliosissystems.com,Multi Medical Clinic,Lakewood,California,USA
dairy-delivery.com,Dairy Delivery Incorporated,Penngrove,California,USA
energyimpactpartners.com,Energy Impact Partners,New York,NULL,USA
montereywinecompany.com,"Monterey Wine Company, Llc",King City,California,USA
magnoliapump.com,Magnolia Pump & Supply,Magnolia,Arkansas,USA
parikhnet.com,Parikh Consultants Inc,Fremont,California,USA
excelinmarketing.com,Excel in Marketing,Orinda,California,USA
hubmarketingwest.com,Hub Marketing West,Palm Springs,California,USA
noelgroup.net,The Noel Group Llc,Springdale,Arkansas,USA
flowerandgiftworldsamson.com,Flower & Gift World,Samson,Alabama,USA
superbikeschool.com,California Superbike School,Glendale,California,USA
fluidllc.com,Fluid Llc,San Francisco,California,USA
emcawildcats.org,East Memorial Baptist Church,Prattville,Alabama,USA
macrotrades.com,Macro Trades,San Francisco,California,USA
jlgonzalezproduce.com,"J.L. Gonzalez Produce, Inc.",,NULL,USA
wilshireaxonsports.com,"Wilshire Axon Sports, Inc",Los Angeles,California,USA
coveelectric.com,"Cove Electric, Inc.",Palm Desert,California,USA
fmowners.com,Forest Meadows Properties,Murphys,California,USA
ozarkcom.com,Ozark Wireless,Russellville,Arkansas,USA
infinitioflittlerock.com,Ellis Infiniti,Little Rock,Arkansas,USA
clintonpresidentialcenter.com,Clinton Airport,Little Rock,Arkansas,USA
specializedscreenprinting.com,Specialized Screen Printing,Fountain Valley,California,USA
m.gofarmersbank.com,Farmers Bank,Fort Smith,Arkansas,USA
distinctiveassets.com,"Distinctive Assets, LLC",Los Angeles,California,USA
deanzatermite.com,De Anza Termite & Pest Control Inc.,Murrieta,California,USA
richardstree.com,Richard's Tree Service Inc,Yuba City,California,USA
sandiegopolo.com,Rancho Santa Fe Polo Club,El Sobrante,California,USA
countrygardenonline.com,"Cglandscape, Inc",Anaheim,California,USA
walts-food.1c4nqu.ws,Walt's Food Market,Old Saybrook,Connecticut,USA
tononphotocopy.com,"Tonon Photocopy Service, Inc.",Tustin,California,USA
new-creature.com,"New Creature Holdings, Inc.",,NULL,USA
sunscope-asi.com,Sun Coast Merchandise Corp.,Commerce,California,USA
acpacific.com,Ac Pacific Corp.,Rancho Cucamonga,California,USA
sfartsed.org,San Francisco Arts Education Project,San Francisco,California,USA
klmvlaw.citymax.com,"Kelly Lytton and Vann, LLP",Los Angeles,California,USA
natgeochannel.co.uk,NGC-UK Partnership,London,Greater London,United Kingdom
accuratearc.in,Accurate Arc Welding,Apple Valley,California,USA
echofinance.co.uk,Echo Finance,Murrieta,California,USA
ucfactors.com,UC Factors,Monrovia,California,USA
hemetcommunitymedicalgroup.com,Hemet Community Medical Group,Hemet,California,USA
anachemlabs.com,Anachem Laboratories,Los Angeles,California,USA
jwdci.com,"J.W. Design & Construction, Inc.",San Luis Obispo,California,USA
gemcorp.net,Gemcorp Capital LLP,London,Greater London,United Kingdom
elysianhomes.com,"Elysian Homes, Inc.",West Covina,California,USA
semj.com,Senj Inc,Cathedral Cty,California,USA
fusionplusinc.com,Fusion Plus Solutions Inc,,NULL,USA
urbanpixel.com,Urbanpixel Inc.,San Francisco,California,USA
windstream.net,Windstream Alabama,Leeds,Alabama,USA
lennysburger.com,Lenny's Burger Shop,Phoenix,Arizona,USA
fabrictackboards.com,Ac Graphics,San Rafael,California,USA
fresno.gov,Fresno Police Station,Fresno,California,USA
cstcsafety.com,California Safety Training Corporation,Bakersfield,California,USA
delsen.com,"Delsen Testing Laboratories, Inc.",Glendale,California,USA
mcnairjrhigh.al.hcs.schoolinsites.com,Davis Hills Middle School,Huntsville,Alabama,USA
mingobayplc.com,Nucentcom PLC,London,Greater London,United Kingdom
merlonegeier.com,"Merlone Geier Partners, LLC",San Francisco,California,USA
msmessenger.org,Skinsations,Clovis,California,USA
theknowledgegroup.org,"The Knowledge Group, LLC",,NULL,USA
landerstoyota.com,Landers Toyota,Little Rock,Arkansas,USA
housleycounselingservices.com,Housley Counseling Services,Fayetteville,Arkansas,USA
atlantictimesquare.com,"Kam Sang Co., Inc.",Arcadia,California,USA
fountainheadwealth.com,"Fountainhead Wealth, Inc",Sacramento,California,USA
carpediemacademy.com,Carpe Diem Collegiate High School,Yuma,Arizona,USA
lillystacos.com,Lillys Tacos,Santa Barbara,California,USA
ofusa.net,Chordus Inc.,Ontario,California,USA
nicoletvascular.com,Nicolet Vascular Inc.,Golden,Colorado,USA
serviceflags.com,Service Star Usa,Arvada,Colorado,USA
aptv.org,"Alabama Public Television, Inc.",Birmingham,Alabama,USA
southcoastak.com,Sunnypoint Concrete Industries,Ketchikan,Alaska,USA
rims.org,Risk & Insurance Mgmt.,Burbank,California,USA
weingarten-hough.com,Weingarten & Hough Insurance Agency,Palm Springs,California,USA
donor2000.co.uk,Charitysoftware Limited,Pill,England,United Kingdom
zpci.com,"Zephyr Engineering, Inc.",Tempe,Arizona,USA
glentech.net,Friesen Computer Company,Willows,California,USA
dwfinancialinc.com,D W Financial Inc,Anaheim,California,USA
luckymag.com,Lucky and Lucky,Oakland,California,USA
wlainvestments.com,WLA Investments Inc,Newport Beach,California,USA
greatspice.com,The Great Spice Company,San Marcos,California,USA
actionlab.com,Action Labs Inc,Anaheim,California,USA
lewisinsurance.com,Lewis Insurance,Tulare,California,USA
globalseal.com,Global Seal Corp.,Santa Ana,California,USA
volition.com,Volitioncom Llc,Tucson,Arizona,USA
southmoorkids.com,"Southmoor Pediatric Dentistry, Pc",Denver,Colorado,USA
rendezvouscharters.com,Rendezvous Charters Pier,San Francisco,California,USA
