AD
AE
AF
Afghanistan
AG
AI
AL
Aland Islands
Åland Islands
Albania
Algeria
Algerie
AM
Amer.Virgin Is.
America
American Samoa
Andorra
Angola
Anguilla
Antarctica
Antigua
Antigua & Barbuda
Antigua and Arbuda
Antigua and Barbuda
Antigua/Barbuda
AO
AP
APAC
AQ
AR
Arab Emirates
ARE
ARG
Argentina
Armenia
Aruba
AS
Ascension Island
Asia/Pacific Region
AT
AU
AU.S.A.TRALIA
AUS
Austalia
Austrailia
Australi
Australia
Australia AU
Australia ÿ
Austria
Austria (AT)
Austria Retail
AUT
AW
AX
AZ
Azerbaijan
azerbaycan
Azerbeijan
BA
Bahamas
"Bahamas, The"
Bahrain
Bangladesh
Barbados
Barzil
BB
BD
BE
BEL
Belarus
BELGIE
België
Belgium
Belgium BE
Belize
Benin
Bermuda
BF
BG
BGD
BH
Bhutan
BI
BJ
BM
BN
BO
Bolivia
Bolivia (plurinational State Of)
"Bolivia, Plurinational State of"
"Bonaire, Saint Eustatius and Saba"
"Bonaire, Sint Eustatius and Saba"
Bosnia
Bosnia & Herzegovena
Bosnia and Herzegobina
Bosnia and Herzegovena
Bosnia and Herzegovia
Bosnia and Herzegovina
Bosnia and herzegowina
Bosnia-Herz.
Bosnia-Herzegovina
Bosnia-Herzegowina
Botswana
Botswana Republic
Bouvet Island
BQ
BR
BRA
Brasil
Brasill
Brazil
Brit.Virgin Is.
British Indian Ocean Territory
British Virgin Islands
BRN
Brunei
Brunei Dar-es-S
Brunei Darussalam
BS
BT
Bulgaria
Burkina Faso
Burkinafaso
Burma
Burma (Myanmar)
Burundi
BV
BW
BY
BZ
C?TE D'IVOIRE
CA
Cambodia
CAMERON
Cameroon
Cameroun
can
Canada
Canada CA
Canadac
Cananda
Cape Verde
Cayman Islands
Caymen Island
CC
CD
Central African Republic
Česká republika
CF
CG
CH
CH - Switzerland
Chad
Channel Islands
CHE
Chiile
Chile
China
China (Hong Kong)
China CN
China
CHL
CHN
Christmas Island
Christmas Islnd
CI
CK
CL
CM
CN
CO
Cocos (Keeling) Islands
COD
COL
Colombia
Comm - Japan
Comoros
Congo
Congo - Kinshasa
Congo (Brazzaville)
Congo (Democratic Republic of the)
"Congo, Democratic Republic of"
"Congo, Democratic Republic of the Congo"
"Congo, The Democratic Republic"
"Congo, The Democratic Republic of"
"Congo, The Democratic Republic of The"
"Congo, the drc"
Congo-The Democratic Republic of
Cook Islands
Costa Rica
Cote d
Cote d Ivoire
Côte d’Ivoire
Cote Divoire
Cote D'Ivoire
Côte d'Ivoire
Cote D'Ivoire (Ivory Coast)
Cote d'lvoire
CR
Croatia
Croatia (Hrvatska)
Croatia/Hrvatska
Crotia
CU
Cuba
Curaçao
Curacao
Curaçao
CV
CW
CX
CY
Cyprus
"Cyprus, Republic of"
CZ
CZE
Czec Republik
Czech
Czech Republic
Czech Republik
Czechia
DE
Dem. Rep. Congo
Democratic Republic of Congo
Democratic Republic of the Congo
Denmark
Denmark ‎
Denmark DK
DEU
Deutschland
DJ
Djibouti
DK
DM
DMA
DNK
DO
Dominica
Dominican Rep.
Dominican Republic
DUITSLAND
DZ
E2E
East Timor
EC
ECU
Ecuador
EE
EG
Egypt
EH
Eire
El Salvador
en
ENG
Engalnd
England
Equatorial Gui.
Equatorial Guin
Equatorial Guinea
ER
Eritrea
ES
Es (Spain)
ESP
Espana
España
Estonia
Estonia EE
ET
Ethiopia
Falkland Islands
Falkland Islands (malvinas)
Faroe Islands
Federated States of Micronesia
FI
Fiji
FIN
Finlad
Finland
Finland FI
Finnland
FJ
FK
FM
FO
FR
FR - REUNION
FRA
Franace
France
France - Martinique
France / ile de la réunion
France FR
"France, Metropolitan"
Frankreich
Freance
Frenc.Polynesia
French Guayana
French Polynesia
French Southern Territories
FYRO Macedonia
GA
Gabon
Gabon Repuplic
Gambia
GB
GBR
GD
GE
Gemany
Georgia
GER
GERMANY
Germany DE
Germay
GF
GG
GH
Ghana
GI
Gibraltar
GL
GM
GN
GP
GQ
GR
Grand Duchy of Luxembourg
GRC
Great Britain
Great Britain (Uk)
Greater China
Greece
Greenland
Grenada
Grmany
GS
GT
GU
Guadeloupe
Guam
Guatemala
Guernsey
Guinea
Guinea-bissau
Guyana
GW
GY
Haiti
Hashemite Kingdom of Jordan
HK
HM
HN
Holandsko
Holland
Holy See (Vatican City State)
Honduras
Hong Kong
Hong Kong SAR
Hong Kong SAR China
Hong Kong
"Hong Kong, China"
"Hong Kong, SAR"
Hong Kong-China
Hongkong
HR
HRV
Hrvatska
HT
HU
HUN
Hungary
Iceland
Iceland of Guam
ID
IDN
IE
IL
IM
IN
IND
Inda
India
India - Chennai
India IN
India.
Indonasia
Indonesia
indonesioa
Inida
IO
IQ
IR
Iran
Iran (Islamic Republic Of)
"Iran,"
"Iran, Islamic Republic of"
Iran-Islamic Republic of
Iraq
Ireland
Ireland (Republic)
Ireland IE
IRL
IS
Isle of Man
ISR
Israel
Israel.
Isreal
IT
ITA
Italia
Italiy
Italy
Italy IT
Ivory Coast
Ivory Coast / Cote d'Ivoire
Jamacia
Jamaica
Jamiaca
Japan
Japan JP
JE
Jersey
JM
JO
Jordan
JP
JPN
KAZ
Kazakhstan
Kazakstan
KE
Kenya
KG
KH
KI
Kingdom of Saudi Arabia
Kingdom of the Netherlands
Kingdome of Bahrain
Kiribati
KM
KN
Koera
KOR
Korea
Korea - North
Korea - South
KOREA (DPR)
Korea (South)
Korea- Democratic People’s Republic of
Korea Republic of
Korea- Republic of
Korea- Republic of selected
Korea South
Korea(Republic of)
"Korea, D.P.R.O."
"Korea, Democratic People's Rep"
"Korea, Democratic Peoples Republic of"
"Korea, Democratic People's Republic of"
"Korea, Replublic of"
"Korea, Republic Of"
"Korea, Republic Of (South Korea)"
"Korea, South"
Korea-Republic of
Kosovo
KP
KR
Kuwait
KW
KY
Kyrgyzstan
KZ
LA
Lao
Lao People’s Democratic Republic
Lao Peoples Democratic Republic
Lao People's Democratic Republic
Lao PRD
Laos
Latvia
Latvija
LB
LBN
LC
Lebanon
Lesotho
LI
Liberia
Libya
Libyan Arab Jamahiriya
Libyanarabjamahiriya
Liechtenstein
Lithuania
Lithuanya
LK
LKA
LR
LS
LT
LTU
LU
LUX
Luxembourg
Luxembourg LU
Luxembourg Luxembourg
Luxembourgh
Luxemburg
LV
LY
M?xico
MA
México
Macao
Macao SAR
Macau
Macau-China
Macedonia
Macedonia (the former Yugoslav Republic of)
"Macedonia, Former Yugoslav Republic of"
"Macedonia, The Former Yugoslav"
"Macedonia, The Former Yugoslav Republic"
"Macedonia, the former Yugoslav Republic of"
Macedonia-The Former Yugoslav Republic of
Madagascar
Malawi
Malaysia
Maldives
Mali
Mali Republique
Malta
Malyasia
MAROC
Marrocco
Marshall Islands
Martinique
Mauritania
Mauritius
Mayotte
MC
MD
ME
MEX
Mexico
México
Mexicoi
MF
MG
MH
Micronesia
"Micronesia, Federated States of"
MK
ML
MM
MN
MO
Moldova
Moldova (Republic of)
Moldova Republic of
"Moldova, Republic of"
Moldova-Republic of
Monaco
Mongolia
Montenegro
Montserrat
Morocco
Mozambique
Mozambique.
MP
MQ
MR
MS
MT
MU
MV
MW
MX
Mxico
MY
Myanmar
Myanmar (Burma)
MZ
N Ireland
NA
Namibia
Nauru
NC
NE
Nederland
Nederlands
Nepal
Netheralnds
Netherands
Netherland
NETHERLANDS
Netherlands (Holland)
Netherlands Antilles
Netherlands NE
Netherlands NL
"Netherlands, the"
New Caledonia
New Calédonia
New Caledonian
New Zealand
New Zealand ÿ
New Zeland
NF
NG
NI
Nicaragua
Niger
Nigeria
Nigeria (ng)
Niue
nl
NLD
NO
Norfolk Island
Norge
North Korea
Northern Ireland
Northern Mariana Islands
Norway
Norway NO
NP
NR
Ntherlands
NU
NZ
Nz (New Zealand)
NZL
OM
Oman
Owner Ca
Owner Us
P.R. China
P0M
PA
PAK
Pakisatn
Pakistan
Palau
Palestine
"Palestine, State of"
Palestinian Authority
Palestinian Territories
Palestinian Territory
"Palestinian Territory, Occupie"
"Palestinian Territory, Occupied"
"Palestinian Territory,Occupied"
Palestinian Territory-occupied
PAN
Panama
Papua New Guinea
Papua Nw Guinea
Paraguay
PE
Peoples Rep Of China
People's Republic of China
PER
Peru
Perú
PF
PG
PH
Philappines
Philipines
Philippine
Philippines
Philippines PH
"Philippines, the"
Phillipines
Philppines
Pitcairn
PK
PL
PM
PN
POL
Poland
Poland PL
polska
Portugal
PR
PR CHINA
PRI
Province Of China Taiwan
PS
PT
Puerto Rico
PW
PY
QA
Qatar
Quatar
RE
Rep of Kosovo
Rep.of Congo
Repubic of Fiji
Republic of Belarus
Republic of China
Republic of Congo
Republic of Croatia
Republic of Cyprus
Republic of Equatorial Guinea
Republic of Ireland
Republic of Korea
Republic of Kosovo
Republic of Moldova
Republic of Singapore
Republic of the Marshall Islands
REPUBLICA DE PANAMA
Republica Dominicana
République du Congo
Reunion
Réunion
RO
Romaia
Romania
rou
Royaume-Uni
RS
RU
RU.S.A.SIAN FEDERATION
RUS
Russia
Russia Federation
RUSSIAN FED
Russian Fed.
Russian Federation
Russian Federation RU
RW
Rwanda
S KOREA
"S.Tome,Principe"
SA
Saint Barthelemy
Saint Barthélemy
Saint Barthelme
Saint Helena
Saint Kitts & Nevis
Saint Kitts and Nevis
Saint Lucia
Saint Maarten
Saint Martin
Saint Martin (French Part)
Saint Vincent & Grenadines
Saint Vincent and Grenadines
Saint Vincent And The Grenadines
Samoa
"Samoa, American"
San Marino
Sao Tome and Principe
SAU
Saudi Arabia
SAUDIA ARABIA
Saudiarabia
SB
SC
Schweden
Schweiz
Scotland
SD
SE
SEN
Senegal
Serbia
Serbia (republic Of Serbia)
Serbia and Montenegro
Seychelles
SG
SGP
SH
SI
Sierra Leone
Sierra Leone Republic
Singapore
Singapre
Sint Maarten
Sint Maarten (Dutch Part)
SJ
SK
SL
Slovak Republic
Slovakia
Slovakia (Slovak Republic)
Slovenia
Slovenija
SM
SN
SO
Solomon Islands
Somalia
South Africa
South Aftrica
South Georgia and The South Sandwich Isl
South Georgia and the South Sandwich Islands
South Korea
South Sudan
Spain
Spain - ES
Spain ES
Span
Spanien
Spanish
SR
SRB
Srbija
Sri Lanka
Srilanka
ST
ST Kitts
St Kitts&Nevis
St Lucia
St. Helena
St. Kitts/Nevis
St. Lucia
St. Maarten
Südafrika
Sudan
Suisse
Sultanate of Oman
Suomi
Surinam
Suriname
SV
Sverige
SVIZZERA
SVK
Swaziland
SWE
Sweden
Sweden SE
Sweeden
Switerland
Switzerland
Switzerland CH
Switzerlannd
Swizerland
SY
Syria
Syrian Arab Republic
Syrian Arab Republic (Syria)
SZ
Taiwan
T'AI-WAN
Taiwan (R.O.C.)
"Taiwan, China"
"Taiwan, Province of China"
"Taiwan, R. O. C"
"Taiwan, Republic of China"
"Taiwan, ROC"
Tajikistan
Tajikstan
Tanzania
"Tanzania, United Republic of"
Tanzania-United Republic of
TC
TD
TG
TH
THA
Thaiand
Thailand
The Bahamas
The Democratic Republic of Congo
The Gambia
The Netherlands
Timor-Leste
TJ
TK
TL
TM
TN
TO
Togo
Tokelau
Tonga
Tortola
TR
Trinidad
Trinidad & Tobago
Trinidad and Tobago
"Trinidad,Tobago"
TT
TTO
Tunisia
Tunisie
TUR
Turkey
Turkish
TURKIYE
Türkiye
Turkmenistan
Turks & Caicos Islands
Turks & Caicos Isles
Turks and Caicos Islands
Tuvalu
TV
TW
TWN
TZ
U.A.E.
U.K.
U.S
U.S.
U.S. Minor Islands
U.S. Virgin Islands
U.S.A
U.S.A.
UA
UAE
Ubited States
UDA
UG
Uganda
Uganda Republic
UK
Ukraine
Ukraine UA
UM
unated states
Unied States
Unietd States
United  States
United Arab Amirates
UNITED ARAB EMIRATE
United arab emirates
United Arab Emiratesmirates
United Arab Emirites
United Emirates
United Kigdom
United Kin
United Kindgom
United Kindom
United Kingdom
United Kingdom (+44)
United Kingdom (GB)
United Kingdom (Great Britain)
United Kingdom GB
United Kingdom ÿ
United Kingdom.
United Kingdon
United Kingdrom
United Kingodm
United Kingom
United Kngdom
United Sales
United Sates
United Sta
United Staes
United State
United States
United States 15
United States Minor Outlying Islands
United States of America
United States Of America (Usa)
United States US
United States::USA
United Stats
United-Kingdom
Unitedstates
Uniterd Kingdom
Unites States
Unites states of America
Unitied Kingdom
Unted Kingdom
Unted States
Untied Kingdom
Untied States
Uraguay
Uruguay
US
US Minor Outlying Islands
USA
USA~
Utd.Arab Emir.
UY
UZ
Uzbekistan
VA
Vanuatu
VC
VE
Venezuela
Venezuela (bolivarian Republic Of)
Venezuela Bolivarian Republic of
"Venezuela, Bolivarian Republic o"
"Venezuela, Bolivarian Republic of"
VG
VI
VIE
Viet Nam
Vietam
Vietman
Vietna
Vietnam
Virgin Islands
Virgin Islands (British)
Virgin Islands (U.S.)
Virgin Islands (Us)
Virgin Islands (USA)
"Virgin Islands, British"
"Virgin Islands, U.S."
VN
VU
Wake
Wales
Wallis and Futuna
West Sahara
Western Sahara
Western Samoa
WF
WS
YE
Yemen
YT
Yugoslavia
ZA
ZAF
Zambia
Zimbabwe
Zimbabwe Republic
ZM
ZW
